expected_file,agent_answer,gold,document_found,exact,substring,token_recall,jaccard,rouge1_f,overlap,bleu,bert_cos
documento_463_100.10.001.docx,"  
Principais pontos da Proposta de Lei n.º 123/2023 apresentada pelo Ministério da Justiça (baseado no conteúdo identificado no documento associado):

- Objetivo e marco normativo
  - Criar um regime jurídico que assegure a proteção dos dados pessoais dos cidadãos, em conformidade com o Regulamento (UE) 2016/679 (GDPR).
  - Citação: “criação de um regime jurídico que assegure a proteção dos dados pessoais dos cidadãos, em conformidade com o Regulamento (UE) 2016/679 do Parlamento Europeu e do Conselho, de 27 de abril de 2016.” Arquivo: C:\Users\Francisco Azeredo\Downloads\gerador_documentos_gpt_azure (1)\gerador_documentos_gpt_azure\documentos_gerados\documento_259_100.10.001.docx

- Princípios centrais do tratamento de dados
  - A proposta visa garantir a transparência e a responsabilização no tratamento de dados pessoais e estabelecer direitos claros para os titulares dos dados.
  - Citação: “visa garantir a transparência e a responsabilização no tratamento de dados pessoais, bem como estabelecer direitos claros para os titulares dos dados.” Mesmo documento.

- Documentos fundamentadores anexados
  - A proposta é acompanhada dos seguintes documentos: Relatório de Impacto sobre a Proteção de Dados; Análise Comparativa com Legislações Estrangeiras; Parecer Jurídico da Direção-Geral da Política de Justiça; Minuta do texto final da proposta de lei.
  - Citação: “A proposta, acompanhada dos seguintes documentos fundamentadores: 1. Relatório de Impacto sobre a Proteção de Dados; 2. Análise Comparativa com Legislações Estrangeiras; 3. Parecer Jurídico da Direção-Geral da Política de Justiça; 4. Minuta do texto final da proposta de lei.” Arquivo: mesmo documento (documento_259_100.10.001.docx)

- Tramitação prevista e consulta pública
  - A Proposta de Lei n.º 123/2023 foi submetida à apreciação da Assembleia da República, com sessão plenária prevista para 15 de Novembro de 2023.
  - A discussão da proposta seria precedida de um período de consulta pública, para participação de cidadãos e organizações da sociedade civil.

  - Citações relevantes: “foi submetida à apreciação da Assembleia da República na sessão plenária agendada para o dia 15 de Novembro de 2023.” e “A discussão da Proposta de Lei n.º 123/2023 será precedida de um período de consulta pública…” Arquivo: documento_259_100.10.001.docx

Observação: as informações acima são extraídas do conteúdo disponível no documento associado à Proposta de Lei n.º 123/2023 (arquivo citado). Se você quiser, posso sintetizar em um resumo ainda mais conciso ou localizar trechos específicos dentro do texto. Arquivo de referência (principal): documento_259_100.10.001.docx.","A proposta de lei inclui os seguintes pontos principais: 1. Ampliação da definição e categorização dos dados pessoais, incluindo novas formas de tratamento que emergem na era digital. 2. Reforço dos direitos dos cidadãos relativamente ao acesso, retificação e apagamento de dados, bem como o direito à portabilidade. 3. Estabelecimento de obrigações mais rigorosas para entidades tratadoras de dados, incluindo a obrigatoriedade de notificação de incidentes de segurança. 4. Definição de um regime sancionatório claro e proporcional às infrações cometidas, alinhado com as diretrizes europeias.",False,False,False,0.47058823529411764,0.14634146341463414,0.25599999509248006,0.48,0.28825633821621055,0.7540863156318665
documento_243_100.10.800.docx,"  O prazo é de seis meses a contar da data deste despacho, ou seja, até aproximadamente 15 de abril de 2024. Citação relevante: ""o prazo para a conclusão da consulta pública e entrega da versão final do documento normativo será de seis meses a contar da data deste despacho."" Fonte: C:\Users\Francisco Azeredo\Downloads\gerador_documentos_gpt_azure (1)\gerador_documentos_gpt_azure\documentos_gerados\documento_243_100.10.800.docx","O prazo para a conclusão da consulta pública e entrega da versão final do documento normativo será de seis meses a contar da data do despacho, que é 15 de Outubro de 2023.",True,False,False,0.8888888888888888,0.625,0.7547169761338555,0.8,0.6870956809906648,0.8843414187431335
documento_794_100.10.600.docx,"  Não consegui localizar no Dataset um Regulamento Interno aprovado para o Departamento de Saúde Pública. Os documentos encontrados com regulamentos internos estão em outras áreas, não na Saúde Pública.

Exemplos próximos encontrados no dataset:
- Regimento Interno da Comissão de Acompanhamento das Políticas Públicas (arquivo): C:\Users\Francisco Azeredo\Downloads\gerador_documentos_gpt_azure (1)\gerador_documentos_gpt_azure\documentos_gerados\documento_82_100.APR.docx
  Trecho relevante: ""\""ASSUNTO:** Aprovação do Regimento Interno da Comissão de Acompanhamento das Políticas Públicas\""""

- Regulamento Interno de Funcionamento da Equipa de Atendimento ao Público (arquivo): C:\Users\Francisco Azeredo\Downloads\gerador_documentos_gpt_azure (1)\gerador_documentos_gpt_azure\documentos_gerados\documento_167_100.10.600.docx
  Trecho relevante: ""\""ASSUNTO:** Aprovação de Regulamento Interno de Funcionamento da Equipa de Atendimento ao Público\""""

Se você puder fornecer o texto específico do Regulamento Interno do Departamento de Saúde Pública ou o arquivo correto, eu extraio imediatamente os objetivos principais e apresento de forma direta.","Os principais objetivos do Regulamento Interno aprovado são: 1. Definir a estrutura organizacional do Departamento de Saúde Pública, detalhando as competências e atribuições de cada setor. 2. Estabelecer procedimentos administrativos que garantam a eficácia e eficiência na execução das atividades de saúde pública. 3. Regular as relações internas entre os colaboradores, promovendo um ambiente de trabalho harmonioso e produtivo.",False,False,False,0.3333333333333333,0.14285714285714285,0.21212120860881548,0.5333333333333333,0.16129032258064513,0.7520525455474854
documento_872_100.10.003.docx,"Não consegui localizar no Dataset disponível a norma específica Lei n.º 234/2021 que tenha sido declarada inconstitucional pelo Tribunal Constitucional, nem a data do Acórdão correspondente.

Como referência relacionada encontrada no conjunto de dados:
- Acórdão n.º 456/2023, datado de 10 de outubro de 2023, que declara a inconstitucionalidade da norma constante do artigo 5.º da Lei n.º 123/2022 (não a Lei 234/2021). Fonte: documento_35_100.10.003.docx
  - Trecho relevante: ""Acórdão n.º 456/2023, datado de 10 de outubro de 2023, que declara a inconstitucionalidade da norma"" (arquivo: C:\Users\Francisco Azeredo\Downloads\gerador_documentos_gpt_azure (1)\gerador_documentos_gpt_azure\documentos_gerados\documento_35_100.10.003.docx)

Se quiser, posso fazer uma verificação mais ampla em fontes oficiais (Tribunal Constitucional e Diário da República) para confirmar a norma correta (n.º 234/2021) e a data do Acórdão correspondente.","A norma declarada inconstitucional é a contida no artigo 5.º da Lei n.º 234/2021, de 12 de Julho. O Acórdão correspondente é o n.º 456/2023, datado de 10 de Outubro de 2023.",False,False,False,0.8076923076923077,0.35,0.4827586157134364,0.5833333333333334,0.5135135135135135,0.8731712698936462
documento_580_100.1003.docx,"  
- 20 de setembro de 2023 — assinatura do Tratado de Cooperação Cultural entre Portugal e a República da Argentina. Fonte: documento_693_100.1003.docx (C:\Users\Francisco Azeredo\Downloads\gerador_documentos_gpt_azure (1)\gerador_documentos_gpt_azure\documentos_gerados\documento_693_100.1003.docx). Citação: ""foi assinado, em Buenos Aires, no dia 20 de Setembro de 2023, o Tratado de Cooperação Cultural entre a República Portuguesa e a República da Argentina.""
- 5 de julho de 2023 — assinatura do Tratado de Cooperação Científica entre Portugal e a República da Argentina. Fonte: documento_593_100.10002.docx (C:\Users\Francisco Azeredo\Downloads\gerador_documentos_gpt_azure (1)\gerador_documentos_gpt_azure\documentos_gerados\documento_593_100.10002.docx). Citação: ""assinado em Buenos Aires em 5 de Julho de 2023.""",O Acordo de Cooperação foi assinado em Buenos Aires no dia 1 de setembro de 2023.,False,False,False,0.9285714285714286,0.27586206896551724,0.41666666180555556,0.5714285714285714,0.37037037037037035,0.8150468468666077
documento_496_100.20.001.docx,"  Não encontrei no material disponível uma passagem direta que descreva as obrigações de comunicação que os trabalhadores devem cumprir ao optar pelo teletrabalho, especificamente no art. 5.º do Decreto-Lei n.º 123/2022. Os documentos encontrados tratam mais da comunicação e divulgação de regulamentos de teletrabalho por parte da Administração do que de obrigações de comunicação por parte dos trabalhadores. Seguem trechos relevantes encontrados nos resultados:

- Trecho: ""Determino ainda que este regulamento seja publicamente comunicado a todos os colaboradores da Secretaria Regional de Administração Pública através de circular interna e disponibilizado na intranet institucional."" (Documento Gerado #574) 
  file_path: C:\Users\Francisco Azeredo\Downloads\gerador_documentos_gpt_azure (1)\gerador_documentos_gpt_azure\documentos_gerados\documento_574_100.10.600.docx

  Citação curta: ""este regulamento seja publicamente comunicado a todos os colaboradores ... através de circular interna.""

- Trecho: ""Solicito à Direção de Comunicação que proceda à publicitação do presente regulament o através dos canais adequados, bem como à distribuição de cópias em formato digital a todos os serviços da Administração."" (Documento Gerado #488)
  file_path: C:\Users\Francisco Azeredo\Downloads\gerador_documentos_gpt_azure (1)\gerador_documentos_gpt_azure\documentos_gerados\documento_488_100.10.600.docx

  Citação curta: ""Solicito à Direção de Comunicação que proceda à publicitação do presente regulamento ... bem como à distribuição de cópias em formato digital a todos os serviços da Administração.""

- Trecho genérico relacionado ao arcabouço do teletrabalho: ""Nos termos do Decreto-Lei n.º 123/2022, de 10 de junho, e da Lei n.º 45/2023, que regula a iniciativa legislativa, a Direção-Geral da Legislação apresenta o projeto de lei anexo, que visa regulamentar o regime jurídico do teletrabalho em território nacional."" (Documento Gerado #267)
  file_path: C:\Users\Francisco Azeredo\Downloads\gerador_documentos_gpt_azure (1)\gerador_documentos_gpt_azure\documentos_gerados\documento_267_100.10.001.docx

Observação: com base nesses trechos, não é possível extrair uma lista de obrigações de comunicação especificamente atribuídas aos trabalhadores ao escolherem o teletrabalho, conforme o art. 5.º do DL n.º 123/2022, a partir deste conjunto de documentos. Se desejar, posso ampliar a busca para fontes legais oficiais ou bases adicionais para localizar o texto exato do art. 5.º.","De acordo com o artigo 5.º do Decreto-Lei n.º 123/2022, os trabalhadores devem informar a entidade empregadora sobre a intenção de optar pelo teletrabalho. A interpretação deste artigo considera a necessidade de garantir a continuidade do serviço público, permitindo que a entidade empregadora solicite a apresentação de justificativas adequadas para a opção pelo teletrabalho, sem prejudicar os direitos dos trabalhadores.",False,False,False,0.4888888888888889,0.14583333333333334,0.27586206568370986,0.8,0.1956547907611291,0.765175461769104
documento_59_100.20.400.docx,"  De acordo com o parecer da Direção-Geral do Trabalho sobre a Norma Técnica nº 123/2023, as responsabilidades do empregador são:
- Realizar avaliações de risco periódicas.
- Implementar ações corretivas quando necessário.
- Designar um responsável pela segurança do trabalho, que tenha formação adequada.

Fonte: C:\Users\Francisco Azeredo\Downloads\gerador_documentos_gpt_azure (1)\gerador_documentos_gpt_azure\documentos_gerados\documento_129_100.20.400.docx
Citação relevante: ""2. Responsabilidades dos Empregadores: É imperativo que os empregadores realizem avaliações de risco periódicas e implementem ações corretivas quando necessário. A norma exige que um responsável pela segurança do trabalho seja designado e que este tenha formação adequada.""","Segundo a Norma Técnica nº 123/2023, o empregador é responsável por garantir as condições de segurança no ambiente de trabalho, devendo implementar medidas corretivas sempre que se identifiquem irregularidades.",False,False,False,0.5862068965517241,0.20930232558139536,0.33962263652545394,0.375,0.34270129872906013,0.7367892265319824
documento_149_100.20.001.docx,"  Não há referência ao Artigo 15.º da Lei n.º 123/2023 no parecer técnico-jurídico emitido. O parecer analisa apenas os Artigos 5.º e 10.º da referida lei. Fonte: documento localizado em C:\Users\Francisco Azeredo\Downloads\gerador_documentos_gpt_azure (1)\gerador_documentos_gpt_azure\documentos_gerados\documento_172_100.20.001.docx. Trecho relevante: “Na sequência do pedido de parecer ... a interpretação dos artigos 5.º e 10.º da Lei n.º 123/2023 ...”

Como deve ser interpretado segundo o parecer técnico-jurídico (Artigos 5.º e 10.º):

- Artigo 5.º da Lei n.º 123/2023 (direito sobre tratamento de dados):
  - Direito previsto: o tratamento de dados é lícito quando houver consentimento ou quando for necessário para a proteção de interesses vitais.
  - Interpretação no parecer: em situações de emergência, a interpretação deve ser alargada para incluir a possibilidade de tratamento sem consentimento, desde que tal situação se justifique pela urgência e pela necessidade de proteção da saúde pública.
  - Citação curta do parecer: “o tratamento de dados pessoais é lícito quando realizado com o consentimento do titular, ou quando necessário para a proteção de interesses vitais. No entanto, em situações de emergência, a interpretação deve ser alargada para incluir a possibilidade de tratamento sem consentimento, desde que tal se justifique em função da urgência e da necessidade de proteção da saúde pública.”
  - Fonte: documento_172_100.20.001.docx

- Artigo 10.º da Lei n.º 123/2023 (obrigigações dos responsáveis pelo tratamento):
  - Direito/obrigação: os responsáveis pelo tratamento devem garantir a segurança dos dados processados, adotando medidas adequadas mesmo em situações excepcionais; devem observar princípios como minimização e limitação da finalidade.
  - Interpretação no parecer: mantém que, em situações de emergência, é essencial assegurar a proteção dos dados e a conformidade com as garantias de segurança, sem deixar de cumprir as obrigações de proteção de dados.
  - Citação curta do parecer: “O artigo 10.º, por sua vez, impõe obrigações específicas aos responsáveis pelo tratamento, que devem garantir a segurança dos dados processados, mesmo em situações excepcionais. É imprescindível que as entidades adotem medidas adequadas para proteger os dados, assegurando a conformidade com os princípios da minimização e da limitação da finalidade.”
  - Fonte: documento_172_100.20.001.docx

- Conclusão do parecer (aplicável aos Artigos 5.º e 10.º): a interpretação deve favorecer a proteção da saúde pública em situações de emergência, desde que respeitadas as garantias de segurança e proteção dos dados; o parecer é vinculativo para a entidade requerente.
  - Citação curta do parecer: “este parecer técnico-jurídico conclui que a interpretação dos artigos 5.º e 10.º da Lei n.º 123/2023 deve ser efetuada de forma a privilegiar a proteção da saúde pública, permitindo a realização do tratamento de dados pessoais em situações de emergência, desde que respeitadas as garantias de segurança e proteção dos dados.”
  - Fonte: documento_172_100.20.001.docx

Observação: o Artigo 15.º não é abordado neste parecer específico. Se precisar, posso procurar outros documentos que tratem desse artigo.","O direito previsto no Artigo 15.º da Lei n.º 123/2023 é o direito de confirmação, que garante aos titulares de dados o direito de obter do responsável pelo tratamento a confirmação de que os seus dados pessoais são ou não objeto de tratamento. Segundo o parecer técnico-jurídico, este direito deve ser interpretado de forma ampla, assegurando que os titulares tenham acesso à informação sobre o tratamento dos seus dados pessoais.",False,False,False,0.74,0.2625,0.4036697198047302,0.6428571428571429,0.3710671628670084,0.7906578779220581
documento_120_100.10.01.02.docx,"  120 candidaturas válidas foram recebidas.

- Trecho de referência: ""Foram recebidas um total de 150 candidaturas, das quais 120 foram consideradas completas e válidas..."" 
- Fonte: C:\Users\Francisco Azeredo\Downloads\gerador_documentos_gpt_azure (1)\gerador_documentos_gpt_azure\documentos_gerados\documento_619_100.10.01.02.docx",Foram recebidas 50 candidaturas válidas para os cursos de Mestrado em Gestão.,False,False,False,0.4166666666666667,0.21428571428571427,0.3529411723183391,0.6,0.1479581783649639,0.7245163917541504
documento_441_100.10.01.docx,"  
- Maior fiscalização das normas a serem implementadas. Cite: ""a maior fiscalização das normas a serem implementadas"". Fonte: C:\Users\Francisco Azeredo\Downloads\gerador_documentos_gpt_azure (1)\gerador_documentos_gpt_azure\documentos_gerados\documento_441_100.10.01.docx
- Sensibilização das empresas sobre a temática da igualdade de género. Cite: ""sensibilização das empresas sobre a temática da igualdade de género"". Fonte: C:\Users\Francisco Azeredo\Downloads\gerador_documentos_gpt_azure (1)\gerador_documentos_gpt_azure\documentos_gerados\documento_441_100.10.01.docx",As principais sugestões recebidas destacam a importância de uma maior fiscalização das normas a serem implementadas e a necessidade de sensibilização das empresas sobre a temática da igualdade de género.,True,False,False,0.625,0.3448275862068966,0.45714285283265316,0.75,0.24525296078096154,0.7544283866882324
documento_459_100.10.200.docx,"  Não localizei no conjunto de dados Dataset um documento específico correspondente ao “projeto de regulamento sobre a mediação judicial” aprovado pela Direção-Geral da Política de Justiça. Os resultados disponíveis parecem tratar de decisões de uniformização de jurisprudência (sem foco em regulamento de mediação). Abaixo, os itens encontrados e seus aspectos relevantes, com trechos curtos para contextualizar.

Documentos encontrados (exemplos de conteúdo sobre uniformização de jurisprudência)
- Documento Gerado #522 (arquivo: documento_522_100.20.600.docx)
  - Descrição: Decisão de Uniformização de Jurisprudência, com despachos e publicações previstas.
  - Trecho: ""DECISÃO DE UNIFORMIZAÇÃO DE JURISPRUDÊNCIA"" — arquivo disponível em: C:\Users\...\documento_522_100.20.600.docx

- Documento Gerado #616 (arquivo: documento_616_100.10.003.docx)
  - Descrição: Comunicação de Decisão do Tribunal Constitucional (não mediando matéria de mediação, mas relacionado a decisões judiciais).
  - Trecho: ""Documento Gerado #616"" — arquivo disponível em: C:\Users\...\documento_616_100.10.003.docx

- Documento Gerado #639 (arquivo: documento_639_100.20.600.docx)
  - Descrição: Pedido de Orientação Jurisprudencial Uniformizada (uniformização de jurisprudência sobre responsabilidade civil em acidentes de viação).
  - Trecho: ""Documento Gerado #639"" — arquivo disponível em: C:\Users\...\documento_639_100.20.600.docx

- Documento Gerado #596 (arquivo: documento_596_100.20.600.docx)
  - Descrição: Decisão de Uniformização de Jurisprudência (processo relacionado a orientação jurisprudencial).
  - Trecho: ""Documento Gerado #596"" — arquivo disponível em: C:\Users\...\documento_596_100.20.600.docx

- Documento Gerado #539 (arquivo: documento_539_100.20.600.docx)
  - Descrição: Pedido de Uniformização de Jurisprudência (uniformização de jurisprudência para interpretação do Código Civil em cláusulas contratuais).
  - Trecho: ""Documento Gerado #539"" — arquivo disponível em: C:\Users\...\documento_539_100.20.600.docx

Notas úteis
- Não há no Dataset disponível um texto que descreva as “principais disposições” de um regulamento específico sobre mediação judicial aprovado pela Direção-Geral da Política de Justiça.
- Os itens encontrados concentram-se em procedimentos de uniformização de jurisprudência, admissibilidade de pedidos, julgamentos e publicações oficiais — temas visivelmente distintos de um regulamento sobre mediação.

Se desejar, posso:
- Buscar novamente com termos mais amplos ou diferentes (por exemplo, “mediação”, “regulamento de mediação”, “mediação judicial”).
- Procurar em outras coleções ou fontes para localizar o projeto regulatório específico e, então, resumir as disposições com citações de arquivo.",As principais disposições incluídas no projeto de regulamento sobre a mediação judicial são: definição dos princípios da mediação judicial; estabelecimento de critérios de formação e certificação dos mediadores; procedimentos para a realização de sessões de mediação; e normas de confidencialidade e imparcialidade a serem observadas durante o processo.,False,False,False,0.4857142857142857,0.12962962962962962,0.22950819194840108,0.2916666666666667,0.18321292103491182,0.8012694120407104
documento_849_100.10002.docx,"  Existem dois pareceres datados sobre a ratificação, com as respectivas datas:
- 30 de setembro de 2023. Fonte: documento_64_100.10002.docx
  - Citação: ""O parecer do Ministério dos Negócios Estrangeiros, datado de 30 de Setembro de 2023, recomenda a aprovação desta convenção, considerando que a sua ratificação está em consonância com os princípios da Constituição da República Portuguesa e com os compromissos internacionais assumidos pelo Estado.""
- 10 de março de 2024. Fonte: documento_499_100.1003.docx
  - Citação: ""O Ministério dos Negócios Estrangeiros, através do seu parecer datado de 10 de março de 2024, considera que a adesão à referida convenção é de extrema importância para a afirmação do Estado português no plano internacional e para o fortalecimento das políticas internas de proteção dos direitos das pessoas com deficiência. O parecer recomenda a aprovação da convenção, tendo em vista a sua ratificação e a consequente comunicação às entidades internacionais competentes.""

Observação: há também uma referência de recebimento do parecer em 5 de setembro de 2023 (parecer recebido), mas os pareceres efetivamente datados (elaborados) são 30/09/2023 e 10/03/2024. Fonte associada: documento_733_100.1003.docx.",O parecer elaborado pelo Ministério dos Negócios Estrangeiros foi datado de 10 de Outubro de 2023.,False,False,False,0.7857142857142857,0.15384615384615385,0.24137930668252086,0.5714285714285714,0.19148936170212763,0.7366988658905029
documento_659_100.20.400.docx,"  Não consegui localizar, nos documentos retornados, diretrizes específicas da Norma Técnica n.º 45/2023 sobre recrutamento e seleção de servidores. Os itens encontrados tratam de temas diferentes.

- Documento NT 2023/NT-15 sobre sinalização rodoviária (arquivo): C:\Users\Francisco Azeredo\Downloads\gerador_documentos_gpt_azure (1)\gerador_documentos_gpt_azure\documentos_gerados\documento_269_100.10.800.docx
  - Trecho relevante: ""A norma visa garantir a segurança e a fluidez do trânsito, minimizando os riscos de acidentes rodoviários.""
  - Observação: conteúdo não relacionado a recrutamento de servidores.

- Outros documentos encontrados (exemplos):
  - C:\Users\Francisco Azeredo\Downloads\gerador_documentos_gpt_azure (1)\gerador_documentos_gpt_azure\documentos_gerados\documento_735_100.10.003.docx
  - C:\Users\Francisco Azeredo\Downloads\gerador_documentos_gpt_azure (1)\gerador_documentos_gpt_azure\documentos_gerados\documento_35_100.10.003.docx

Conclusão: Based on the retrieved content, não há indicação de diretrizes da Norma Técnica n.º 45/2023 sobre recrutamento e seleção de servidores. Se desejar, posso refinar a busca com termos específicos (recrutamento, seleção, servidores, Norma Técnica 45/2023) para tentar localizar o conteúdo correto.","As entidades devem seguir rigorosamente os procedimentos estabelecidos na norma, priorizando a transparência e a publicidade dos processos seletivos.",False,False,False,0.2222222222222222,0.06818181818181818,0.11764705425605555,0.16666666666666666,0.12903225806451615,0.5645212531089783
documento_916_100.10.01.docx,"  As principais alterações propostas ao Código de Procedimento Administrativo, conforme o Documento Gerado #916 (Proposta de Alteração ao Código de Procedimento Administrativo) datado de 15 de Outubro de 2023, são:

- Redução de prazos: diminuição dos prazos para a prática de atos administrativos, com o objetivo de aumentar a celeridade na resposta aos cidadãos e empresas.
- Digitalização de processos: implementação de um sistema digital para a tramitação de processos administrativos, permitindo o acompanhamento em tempo real pelos interessados.
- Simplificação de formulários: revisão dos formulários utilizados nos procedimentos administrativos, visando torná-los mais simples e adaptados às necessidades dos utentes.
- Apoio ao cidadão: criação de um serviço de apoio ao cidadão, disponível por linha telefónica e por um portal na internet, para esclarecer dúvidas e orientar sobre os procedimentos.

Resumo (citação direta do conteúdo): ""As alterações visam simplificar e agilizar os procedimentos administrativos, promovendo a transparência e a eficiência nos serviços públicos.""

Fonte: documento_916_100.10.01.docx (C:\Users\Francisco Azeredo\Downloads\gerador_documentos_gpt_azure (1)\gerador_documentos_gpt_azure\documentos_gerados\documento_916_100.10.01.docx)",As principais alterações propostas ao Código de Procedimento Administrativo são: 1) Redução de Prazos para a prática de actos administrativos; 2) Digitalização de Processos para a tramitação de processos administrativos; 3) Simplificação de Formulários utilizados nos procedimentos administrativos; e 4) Criação de um serviço de Apoio ao Cidadão através de uma linha telefónica e de um portal na internet.,True,False,False,0.8571428571428571,0.2318840579710145,0.3529411718209342,0.5,0.4400677523610914,0.7707070112228394
documento_955_100.APR.docx,"  Existem dois documentos gerados em 15 de outubro de 2023 pelo Governo Municipal de Exemplo. Os assuntos são:

- Documento: C:\Users\Francisco Azeredo\Downloads\gerador_documentos_gpt_azure (1)\gerador_documentos_gpt_azure\documentos_gerados\documento_124_100.APR.docx
  Assunto: Aprovação de Projeto de Lei Municipal
  Trecho relevante: ""ASSUNTO: Aprovação de Projeto de Lei Municipal""

- Documento: C:\Users\Francisco Azeredo\Downloads\gerador_documentos_gpt_azure (1)\gerador_documentos_gpt_azure\documentos_gerados\documento_689_100.APR.docx
  Assunto: Aprovação do Projeto de Requalificação da Praça Central
  Trecho relevante: ""ASSUNTO: Aprovação do Projeto de Requalificação da Praça Central""",O assunto do documento é a 'Aprovação do Relatório Anual de Atividades da Divisão de Cultura e Desporto'.,False,False,False,0.375,0.07894736842105263,0.13953487904813427,0.1875,0.10916410041039759,0.5520336627960205
documento_783_100.20.001.docx,"  Não encontrei nos documentos disponíveis um parecer técnico-jurídico específico sobre o Artigo 23.º da Lei n.º 58/2019 emitido pelo Ministério da Justiça. O conteúdo mais próximo disponível refere-se ao Artigo 23.º da Lei n.º 50/2020. 

Interpretação recomendada (parecer disponível mais próximo):
- Recomenda-se interpretar o Artigo 23.º de forma a privilegiar a proteção dos dados pessoais e os direitos dos titulares, assegurando conformidade com os princípios gerais de proteção de dados, incluindo transparência e mecanismos para exercício de direitos.

Citação relevante do parecer próximo:
- ""Após a análise efetuada, conclui-se que o tratamento de dados pessoais, conforme previsto no Artigo 23.º, deve ser sempre realizado tendo em consideração os direitos dos titulares e a conformidade com os princípios gerais de proteção de dados. Recomenda-se a adoção de medidas adicionais de transparência e informação aos titulares sobre o tratamento dos seus dados, bem como a implementação de mecanismos que assegurem o exercício dos direitos consagrados na Lei.""

Fonte (arquivo próximo disponível):
- Documento: Parecer Técnico-Jurídico sobre a Interpretação do Artigo 23.º da Lei n.º 50/2020
- Caminho do arquivo: C:\Users\Francisco Azeredo\Downloads\gerador_documentos_gpt_azure (1)\gerador_documentos_gpt_azure\documentos_gerados\documento_410_100.20.001.docx

Observação: se precisar exatamente do parecer sobre a Lei n.º 58/2019, posso tentar localizar em fontes adicionais ou ajustar a busca para outros índices/documentos dentro do seu conjunto de dados.","O artigo 23.º deve ser interpretado à luz do princípio da proporcionalidade, respeitando sempre os direitos fundamentais dos cidadãos. A limitação de direitos prevista nesta norma deve ser utilizada com cautela e rigor, e apenas em situações onde haja uma clara justificação que demonstre a necessidade da restrição.",False,False,False,0.4186046511627907,0.22388059701492538,0.3333333283446712,0.375,0.3320366241026409,0.6543398499488831
documento_497_100.20.400.docx,"  Não há nos resultados retornados pela consulta atual os pontos principais da interpretação da norma técnica NTT-2023/05 segundo o Departamento de Orientações Técnicas. Os documentos encontrados tratam de assuntos diferentes. Abaixo, items recuperados com seus caminhos de arquivo e breves citações relevantes para contexto:

- Documento Gerado #753
  - file_path: C:\Users\Francisco Azeredo\Downloads\gerador_documentos_gpt_azure (1)\gerador_documentos_gpt_azure\documentos_gerados\documento_753_100.10002.docx
  - Trecho relevante: ""A análise preliminar do MNE, datada de 10 de Fevereiro de 2023, recomenda a ratificação da referida convenção, considerando que a sua adesão é um passo fundamental para o fortalecimento dos direitos humanos em Portugal e para a promoção da igualdade racial no contexto internacional.""
  - Observação: o conteúdo trata de ratificação de uma convenção, não de NTT-2023/05.

- Documento Gerado #735
  - file_path: C:\Users\Francisco Azeredo\Downloads\gerador_documentos_gpt_azure (1)\gerador_documentos_gpt_azure\documentos_gerados\documento_735_100.10.003.docx
  - Trecho relevante: ""declara a inconstitucionalidade da norma constante do artigo 5.º da Lei n.º 15/2021, de 12 de março, que estabelece o regime jurídico das contraordenações e das sanções acessórias.""
  - Observação: conteúdo jurídico institucional, não relacionado a NTT-2023/05.

- Documento Gerado #795
  - file_path: C:\Users\Francisco Azeredo\Downloads\gerador_documentos_gpt_azure (1)\gerador_documentos_gpt_azure\documentos_gerados\documento_795_100.APR.docx
  - Trecho relevante: ""Este documento é fictício e serve apenas para fins de exemplificação.""
  - Observação: é claramente um exemplo fictício, não relacionado à norma NTT-2023/05.

Se desejar, posso expandir a busca para incluir termos específicos de interpretação da NTT-2023/05 (por exemplo, termos como “interpretação”, “orientações técnicas”, “Departamento de Orientações Técnicas”, entre outros) ou consultar fontes adicionais para localizar a análise exata da norma.",A interpretação da norma NTT-2023/05 deve considerar os seguintes pontos principais: a obrigação do empregador em promover treinamentos regulares sobre segurança e saúde; a necessidade de avaliação de riscos específica para cada ambiente de trabalho; e a importância da participação dos trabalhadores na identificação de riscos e na formulação de medidas preventivas.,False,False,False,0.38095238095238093,0.12727272727272726,0.22222221767699685,0.3181818181818182,0.2112676056338028,0.6681573987007141
documento_453_100.20.200.docx,"  Não há um prazo específico indicado para a implementação das orientações referentes ao Decreto-Lei n.º 123/2023 nos documentos encontrados. O despacho apenas solicita a implementação das recomendações apresentadas, sem mencionar um prazo.

- Trecho relevante (sem prazo definido): ""DESPACHO: Com base no exposto, solicita-se a implementação das recomendações apresentadas neste parecer."" 
  Fonte: documento_817_100.20.001.docx
  Caminho: C:\Users\Francisco Azeredo\Downloads\gerador_documentos_gpt_azure (1)\gerador_documentos_gpt_azure\documentos_gerados\documento_817_100.20.001.docx

- Observação relacionada (cronômetro para recebimento, não para implementação): ""solicita-se a confirmação da receção desta comunicação no prazo de cinco dias úteis.""
  Fonte: documento_735_100.10.003.docx
  Caminho: C:\Users\Francisco Azeredo\Downloads\gerador_documentos_gpt_azure (1)\gerador_documentos_gpt_azure\documentos_gerados\documento_735_100.10.003.docx","As orientações devem ser implementadas até o dia 30 de novembro de 2023, com o objetivo de garantir a plena adequação ao novo regime jurídico.",False,False,False,0.3181818181818182,0.07894736842105263,0.14285713786848087,0.15789473684210525,0.11513888724082655,0.6654987335205078
documento_19_100.APR.asdf.docx,"  A reunião realizada em 10 de outubro de 2023 tratou dos seguintes tópicos (Ata da Reunião Extraordinária da Comissão de Planeamento Urbano – 10/10/2023):

- 1. Apresentação dos projetos de urbanização propostos para os bairros centrais da cidade. (Citação: ""1. Apresentação dos projetos de urbanização propostos para os bairros centrais da cidade;"")  
- 2. Discussão sobre as melhorias na infraestrutura de transporte público. (Citação: ""2. Discussão sobre as melhorias na infraestrutura de transporte público;"")  
- 3. Análise das propostas de participação popular no planejamento urbano. (Citação: ""3. Análise das propostas de participação popular no planejamento urbano;"")

Fonte: C:\Users\Francisco Azeredo\Downloads\gerador_documentos_gpt_azure (1)\gerador_documentos_gpt_azure\documentos_gerados\documento_395_100.APR.docx","Durante a reunião, foram discutidos os seguintes tópicos: 1. A conformidade do projeto com as diretrizes do Plano Diretor Municipal. 2. A viabilidade técnica e financeira da execução das obras propostas. 3. O impacto ambiental e social da intervenção na área em questão.",False,False,False,0.3684210526315789,0.09090909090909091,0.16129031791363177,0.2727272727272727,0.12000963801428767,0.6334015130996704
documento_376_100.10002.docx,"  1 de Julho de 2023.

Conforme o documento, há referência a: ""comunicação recebida de 1 de Julho de 2023"" (documento_611_100.1003.docx). Path: C:\Users\Francisco Azeredo\Downloads\gerador_documentos_gpt_azure (1)\gerador_documentos_gpt_azure\documentos_gerados\documento_611_100.1003.docx.",A data em que Portugal solicitou parecer ao Ministério dos Negócios Estrangeiros sobre a ratificação da convenção foi 15 de Outubro de 2023.,False,False,False,0.14285714285714285,0.08695652173913043,0.1538461512426036,0.5,0.0782194959346709,0.5968306660652161
